{
      "notes": [
        {
          "name": "F1",
          "midi": 29,
          "time": 1.7142840000000001,
          "velocity": 0.7874015748031497,
          "duration": 1.7098197187500004
        }
      ]
}