{
      "notes": [
        {
          "name": "C0",
          "midi": 12,
          "time": 3.9895833333333335,
          "velocity": 0.7874015748031497,
          "duration": 1.0104166666666665
        },
        {
          "name": "C0",
          "midi": 12,
          "time": 5.489583333333333,
          "velocity": 0.7874015748031497,
          "duration": 1
        },
        {
          "name": "E0",
          "midi": 16,
          "time": 8.4765625,
          "velocity": 0.7874015748031497,
          "duration": 1.010416666666666
        },
        {
          "name": "E0",
          "midi": 16,
          "time": 10.486979166666666,
          "velocity": 0.7874015748031497,
          "duration": 1.010416666666666
        }
      ]
}